--
-- PostgreSQL database dump
--

-- Dumped from database version 12.17 (Ubuntu 12.17-1.pgdg22.04+1)
-- Dumped by pg_dump version 12.17 (Ubuntu 12.17-1.pgdg22.04+1)

SET statement_timeout = 0;
SET lock_timeout = 0;
SET idle_in_transaction_session_timeout = 0;
SET client_encoding = 'UTF8';
SET standard_conforming_strings = on;
SELECT pg_catalog.set_config('search_path', '', false);
SET check_function_bodies = false;
SET xmloption = content;
SET client_min_messages = warning;
SET row_security = off;

DROP DATABASE universe;
--
-- Name: universe; Type: DATABASE; Schema: -; Owner: freecodecamp
--

CREATE DATABASE universe WITH TEMPLATE = template0 ENCODING = 'UTF8' LC_COLLATE = 'C.UTF-8' LC_CTYPE = 'C.UTF-8';


ALTER DATABASE universe OWNER TO freecodecamp;

\connect universe

SET statement_timeout = 0;
SET lock_timeout = 0;
SET idle_in_transaction_session_timeout = 0;
SET client_encoding = 'UTF8';
SET standard_conforming_strings = on;
SELECT pg_catalog.set_config('search_path', '', false);
SET check_function_bodies = false;
SET xmloption = content;
SET client_min_messages = warning;
SET row_security = off;

SET default_tablespace = '';

SET default_table_access_method = heap;

--
-- Name: galaxy; Type: TABLE; Schema: public; Owner: freecodecamp
--

CREATE TABLE public.galaxy (
    galaxy_id integer NOT NULL,
    name character varying(255) NOT NULL,
    description text,
    galaxy_type character varying(50) NOT NULL,
    distance_from_earth numeric NOT NULL
);


ALTER TABLE public.galaxy OWNER TO freecodecamp;

--
-- Name: galaxy_galaxy_id_seq; Type: SEQUENCE; Schema: public; Owner: freecodecamp
--

CREATE SEQUENCE public.galaxy_galaxy_id_seq
    AS integer
    START WITH 1
    INCREMENT BY 1
    NO MINVALUE
    NO MAXVALUE
    CACHE 1;


ALTER TABLE public.galaxy_galaxy_id_seq OWNER TO freecodecamp;

--
-- Name: galaxy_galaxy_id_seq; Type: SEQUENCE OWNED BY; Schema: public; Owner: freecodecamp
--

ALTER SEQUENCE public.galaxy_galaxy_id_seq OWNED BY public.galaxy.galaxy_id;


--
-- Name: moon; Type: TABLE; Schema: public; Owner: freecodecamp
--

CREATE TABLE public.moon (
    moon_id integer NOT NULL,
    name character varying(255) NOT NULL,
    planet_id integer,
    diameter_in_km numeric NOT NULL,
    has_life boolean NOT NULL
);


ALTER TABLE public.moon OWNER TO freecodecamp;

--
-- Name: moon_moon_id_seq; Type: SEQUENCE; Schema: public; Owner: freecodecamp
--

CREATE SEQUENCE public.moon_moon_id_seq
    AS integer
    START WITH 1
    INCREMENT BY 1
    NO MINVALUE
    NO MAXVALUE
    CACHE 1;


ALTER TABLE public.moon_moon_id_seq OWNER TO freecodecamp;

--
-- Name: moon_moon_id_seq; Type: SEQUENCE OWNED BY; Schema: public; Owner: freecodecamp
--

ALTER SEQUENCE public.moon_moon_id_seq OWNED BY public.moon.moon_id;


--
-- Name: planet; Type: TABLE; Schema: public; Owner: freecodecamp
--

CREATE TABLE public.planet (
    planet_id integer NOT NULL,
    name character varying(255) NOT NULL,
    star_id integer,
    is_spherical boolean NOT NULL,
    planet_type character varying(50) NOT NULL,
    distance_from_star numeric NOT NULL,
    number_of_moons integer
);


ALTER TABLE public.planet OWNER TO freecodecamp;

--
-- Name: planet_planet_id_seq; Type: SEQUENCE; Schema: public; Owner: freecodecamp
--

CREATE SEQUENCE public.planet_planet_id_seq
    AS integer
    START WITH 1
    INCREMENT BY 1
    NO MINVALUE
    NO MAXVALUE
    CACHE 1;


ALTER TABLE public.planet_planet_id_seq OWNER TO freecodecamp;

--
-- Name: planet_planet_id_seq; Type: SEQUENCE OWNED BY; Schema: public; Owner: freecodecamp
--

ALTER SEQUENCE public.planet_planet_id_seq OWNED BY public.planet.planet_id;


--
-- Name: satellite; Type: TABLE; Schema: public; Owner: freecodecamp
--

CREATE TABLE public.satellite (
    satellite_id integer NOT NULL,
    name character varying(255) NOT NULL,
    planet_id integer,
    purpose character varying(255) NOT NULL,
    launch_date date NOT NULL,
    is_operational boolean NOT NULL
);


ALTER TABLE public.satellite OWNER TO freecodecamp;

--
-- Name: satellite_satellite_id_seq; Type: SEQUENCE; Schema: public; Owner: freecodecamp
--

CREATE SEQUENCE public.satellite_satellite_id_seq
    AS integer
    START WITH 1
    INCREMENT BY 1
    NO MINVALUE
    NO MAXVALUE
    CACHE 1;


ALTER TABLE public.satellite_satellite_id_seq OWNER TO freecodecamp;

--
-- Name: satellite_satellite_id_seq; Type: SEQUENCE OWNED BY; Schema: public; Owner: freecodecamp
--

ALTER SEQUENCE public.satellite_satellite_id_seq OWNED BY public.satellite.satellite_id;


--
-- Name: star; Type: TABLE; Schema: public; Owner: freecodecamp
--

CREATE TABLE public.star (
    star_id integer NOT NULL,
    name character varying(255) NOT NULL,
    galaxy_id integer,
    age_in_millions_of_years integer NOT NULL,
    has_life boolean NOT NULL,
    number_of_planets integer
);


ALTER TABLE public.star OWNER TO freecodecamp;

--
-- Name: star_star_id_seq; Type: SEQUENCE; Schema: public; Owner: freecodecamp
--

CREATE SEQUENCE public.star_star_id_seq
    AS integer
    START WITH 1
    INCREMENT BY 1
    NO MINVALUE
    NO MAXVALUE
    CACHE 1;


ALTER TABLE public.star_star_id_seq OWNER TO freecodecamp;

--
-- Name: star_star_id_seq; Type: SEQUENCE OWNED BY; Schema: public; Owner: freecodecamp
--

ALTER SEQUENCE public.star_star_id_seq OWNED BY public.star.star_id;


--
-- Name: galaxy galaxy_id; Type: DEFAULT; Schema: public; Owner: freecodecamp
--

ALTER TABLE ONLY public.galaxy ALTER COLUMN galaxy_id SET DEFAULT nextval('public.galaxy_galaxy_id_seq'::regclass);


--
-- Name: moon moon_id; Type: DEFAULT; Schema: public; Owner: freecodecamp
--

ALTER TABLE ONLY public.moon ALTER COLUMN moon_id SET DEFAULT nextval('public.moon_moon_id_seq'::regclass);


--
-- Name: planet planet_id; Type: DEFAULT; Schema: public; Owner: freecodecamp
--

ALTER TABLE ONLY public.planet ALTER COLUMN planet_id SET DEFAULT nextval('public.planet_planet_id_seq'::regclass);


--
-- Name: satellite satellite_id; Type: DEFAULT; Schema: public; Owner: freecodecamp
--

ALTER TABLE ONLY public.satellite ALTER COLUMN satellite_id SET DEFAULT nextval('public.satellite_satellite_id_seq'::regclass);


--
-- Name: star star_id; Type: DEFAULT; Schema: public; Owner: freecodecamp
--

ALTER TABLE ONLY public.star ALTER COLUMN star_id SET DEFAULT nextval('public.star_star_id_seq'::regclass);


--
-- Data for Name: galaxy; Type: TABLE DATA; Schema: public; Owner: freecodecamp
--

INSERT INTO public.galaxy VALUES (1, 'Milky Way', 'Our home galaxy', 'Spiral', 0);
INSERT INTO public.galaxy VALUES (2, 'Andromeda', 'Nearest major galaxy', 'Spiral', 2537000);
INSERT INTO public.galaxy VALUES (3, 'Triangulum', 'A small spiral galaxy', 'Spiral', 3000000);
INSERT INTO public.galaxy VALUES (4, 'Large Magellanic Cloud', 'A satellite galaxy of the Milky Way', 'Irregular', 163000);
INSERT INTO public.galaxy VALUES (5, 'Small Magellanic Cloud', 'A satellite galaxy of the Milky Way', 'Irregular', 200000);
INSERT INTO public.galaxy VALUES (6, 'Whirlpool', 'Famous spiral galaxy', 'Spiral', 23000000);


--
-- Data for Name: moon; Type: TABLE DATA; Schema: public; Owner: freecodecamp
--

INSERT INTO public.moon VALUES (1, 'Moon', 1, 3474.2, false);
INSERT INTO public.moon VALUES (2, 'Phobos', 2, 22.4, false);
INSERT INTO public.moon VALUES (3, 'Deimos', 2, 12.4, false);
INSERT INTO public.moon VALUES (4, 'Io', 3, 3643.2, false);
INSERT INTO public.moon VALUES (5, 'Europa', 3, 3121.6, false);
INSERT INTO public.moon VALUES (6, 'Ganymede', 3, 5262.4, false);
INSERT INTO public.moon VALUES (7, 'Callisto', 3, 4820.6, false);
INSERT INTO public.moon VALUES (8, 'Titan', 4, 5150.2, false);
INSERT INTO public.moon VALUES (9, 'Rhea', 4, 1529, false);
INSERT INTO public.moon VALUES (10, 'Iapetus', 4, 1469.6, false);
INSERT INTO public.moon VALUES (11, 'Mimas', 4, 396.4, false);
INSERT INTO public.moon VALUES (12, 'Enceladus', 4, 504.2, false);
INSERT INTO public.moon VALUES (13, 'Tethys', 4, 1062.2, false);
INSERT INTO public.moon VALUES (14, 'Dione', 4, 1122.8, false);
INSERT INTO public.moon VALUES (15, 'Hyperion', 4, 270.6, false);
INSERT INTO public.moon VALUES (16, 'Alpha Centauri Bb 1', 5, 1000, false);
INSERT INTO public.moon VALUES (17, 'Proxima Centauri b 1', 6, 2000, false);
INSERT INTO public.moon VALUES (18, 'Betelgeuse b 1', 7, 3000, false);
INSERT INTO public.moon VALUES (19, 'Sirius b 1', 8, 4000, false);
INSERT INTO public.moon VALUES (20, 'Vega b 1', 9, 5000, false);


--
-- Data for Name: planet; Type: TABLE DATA; Schema: public; Owner: freecodecamp
--

INSERT INTO public.planet VALUES (1, 'Earth', 1, true, 'Terrestrial', 1, NULL);
INSERT INTO public.planet VALUES (2, 'Mars', 1, true, 'Terrestrial', 1.5, NULL);
INSERT INTO public.planet VALUES (3, 'Jupiter', 1, true, 'Gas Giant', 5.2, NULL);
INSERT INTO public.planet VALUES (4, 'Saturn', 1, true, 'Gas Giant', 9.5, NULL);
INSERT INTO public.planet VALUES (5, 'Alpha Centauri Bb', 2, true, 'Terrestrial', 0.04, NULL);
INSERT INTO public.planet VALUES (6, 'Proxima Centauri b', 2, true, 'Terrestrial', 0.05, NULL);
INSERT INTO public.planet VALUES (7, 'Betelgeuse b', 3, true, 'Gas Giant', 400, NULL);
INSERT INTO public.planet VALUES (8, 'Sirius b', 4, true, 'Gas Giant', 0.3, NULL);
INSERT INTO public.planet VALUES (9, 'Vega b', 5, true, 'Terrestrial', 0.4, NULL);
INSERT INTO public.planet VALUES (10, 'Antares b', 6, true, 'Gas Giant', 1, NULL);
INSERT INTO public.planet VALUES (11, 'Antares c', 6, true, 'Gas Giant', 2, NULL);
INSERT INTO public.planet VALUES (12, 'Whirlpool 1', 6, true, 'Terrestrial', 0.9, NULL);


--
-- Data for Name: satellite; Type: TABLE DATA; Schema: public; Owner: freecodecamp
--

INSERT INTO public.satellite VALUES (1, 'Hubble Space Telescope', 1, 'Observational', '1990-04-24', true);
INSERT INTO public.satellite VALUES (2, 'Voyager 1', 2, 'Exploration', '1977-09-05', true);
INSERT INTO public.satellite VALUES (3, 'Juno', 3, 'Planetary Science', '2011-08-05', true);
INSERT INTO public.satellite VALUES (4, 'Cassini', 4, 'Exploration', '1997-10-15', false);
INSERT INTO public.satellite VALUES (5, 'Chandrayaan-2', 5, 'Lunar Exploration', '2019-07-22', true);
INSERT INTO public.satellite VALUES (6, 'James Webb Space Telescope', 6, 'Observational', '2021-12-25', true);


--
-- Data for Name: star; Type: TABLE DATA; Schema: public; Owner: freecodecamp
--

INSERT INTO public.star VALUES (1, 'Sun', 1, 4600, true, NULL);
INSERT INTO public.star VALUES (2, 'Alpha Centauri', 1, 4500, false, NULL);
INSERT INTO public.star VALUES (3, 'Betelgeuse', 1, 10000, false, NULL);
INSERT INTO public.star VALUES (4, 'Sirius', 2, 242, false, NULL);
INSERT INTO public.star VALUES (5, 'Vega', 2, 455, false, NULL);
INSERT INTO public.star VALUES (6, 'Antares', 3, 12000, false, NULL);


--
-- Name: galaxy_galaxy_id_seq; Type: SEQUENCE SET; Schema: public; Owner: freecodecamp
--

SELECT pg_catalog.setval('public.galaxy_galaxy_id_seq', 7, true);


--
-- Name: moon_moon_id_seq; Type: SEQUENCE SET; Schema: public; Owner: freecodecamp
--

SELECT pg_catalog.setval('public.moon_moon_id_seq', 20, true);


--
-- Name: planet_planet_id_seq; Type: SEQUENCE SET; Schema: public; Owner: freecodecamp
--

SELECT pg_catalog.setval('public.planet_planet_id_seq', 12, true);


--
-- Name: satellite_satellite_id_seq; Type: SEQUENCE SET; Schema: public; Owner: freecodecamp
--

SELECT pg_catalog.setval('public.satellite_satellite_id_seq', 6, true);


--
-- Name: star_star_id_seq; Type: SEQUENCE SET; Schema: public; Owner: freecodecamp
--

SELECT pg_catalog.setval('public.star_star_id_seq', 7, true);


--
-- Name: galaxy galaxy_name_key; Type: CONSTRAINT; Schema: public; Owner: freecodecamp
--

ALTER TABLE ONLY public.galaxy
    ADD CONSTRAINT galaxy_name_key UNIQUE (name);


--
-- Name: galaxy galaxy_pkey; Type: CONSTRAINT; Schema: public; Owner: freecodecamp
--

ALTER TABLE ONLY public.galaxy
    ADD CONSTRAINT galaxy_pkey PRIMARY KEY (galaxy_id);


--
-- Name: moon moon_name_key; Type: CONSTRAINT; Schema: public; Owner: freecodecamp
--

ALTER TABLE ONLY public.moon
    ADD CONSTRAINT moon_name_key UNIQUE (name);


--
-- Name: moon moon_pkey; Type: CONSTRAINT; Schema: public; Owner: freecodecamp
--

ALTER TABLE ONLY public.moon
    ADD CONSTRAINT moon_pkey PRIMARY KEY (moon_id);


--
-- Name: planet planet_name_key; Type: CONSTRAINT; Schema: public; Owner: freecodecamp
--

ALTER TABLE ONLY public.planet
    ADD CONSTRAINT planet_name_key UNIQUE (name);


--
-- Name: planet planet_pkey; Type: CONSTRAINT; Schema: public; Owner: freecodecamp
--

ALTER TABLE ONLY public.planet
    ADD CONSTRAINT planet_pkey PRIMARY KEY (planet_id);


--
-- Name: satellite satellite_name_key; Type: CONSTRAINT; Schema: public; Owner: freecodecamp
--

ALTER TABLE ONLY public.satellite
    ADD CONSTRAINT satellite_name_key UNIQUE (name);


--
-- Name: satellite satellite_pkey; Type: CONSTRAINT; Schema: public; Owner: freecodecamp
--

ALTER TABLE ONLY public.satellite
    ADD CONSTRAINT satellite_pkey PRIMARY KEY (satellite_id);


--
-- Name: star star_name_key; Type: CONSTRAINT; Schema: public; Owner: freecodecamp
--

ALTER TABLE ONLY public.star
    ADD CONSTRAINT star_name_key UNIQUE (name);


--
-- Name: star star_pkey; Type: CONSTRAINT; Schema: public; Owner: freecodecamp
--

ALTER TABLE ONLY public.star
    ADD CONSTRAINT star_pkey PRIMARY KEY (star_id);


--
-- Name: moon moon_planet_id_fkey; Type: FK CONSTRAINT; Schema: public; Owner: freecodecamp
--

ALTER TABLE ONLY public.moon
    ADD CONSTRAINT moon_planet_id_fkey FOREIGN KEY (planet_id) REFERENCES public.planet(planet_id);


--
-- Name: planet planet_star_id_fkey; Type: FK CONSTRAINT; Schema: public; Owner: freecodecamp
--

ALTER TABLE ONLY public.planet
    ADD CONSTRAINT planet_star_id_fkey FOREIGN KEY (star_id) REFERENCES public.star(star_id);


--
-- Name: satellite satellite_planet_id_fkey; Type: FK CONSTRAINT; Schema: public; Owner: freecodecamp
--

ALTER TABLE ONLY public.satellite
    ADD CONSTRAINT satellite_planet_id_fkey FOREIGN KEY (planet_id) REFERENCES public.planet(planet_id);


--
-- Name: star star_galaxy_id_fkey; Type: FK CONSTRAINT; Schema: public; Owner: freecodecamp
--

ALTER TABLE ONLY public.star
    ADD CONSTRAINT star_galaxy_id_fkey FOREIGN KEY (galaxy_id) REFERENCES public.galaxy(galaxy_id);


--
-- PostgreSQL database dump complete
--

